7b6c9fd5-f124-4ac6-8c92-36e8458b162f,,2022-12-09 11:36:49.088325,2022-12-09 11:36:49.088325,slider-footer,http://localhost:3000/files/ebe0008e-71ee-4240-ba0b-5c36809c7859.svg,
5d9c5985-b946-486d-b878-9f5bb7af8b20,,2022-12-09 11:37:34.623574,2022-12-09 11:37:34.623574,slider-footer,http://localhost:3000/files/6b6be80f-65b6-436a-91de-4364873c0169.svg,
bd6c4a26-9cfd-49f0-a845-2a4b2ee8c0c6,,2022-12-09 11:37:57.185289,2022-12-09 11:37:57.185289,slider-footer,http://localhost:3000/files/b6f694e7-cb2b-439e-a37c-1d7ea7de6f65.svg,
ac70b0a5-e73a-4efd-9781-453c3faa0792,,2022-12-09 11:38:33.922417,2022-12-09 11:38:33.922417,slider-footer,http://localhost:3000/files/5d9bf928-2cd3-4b26-9fb9-f21c39388add.svg,
8b6b43ea-b61e-446c-ac7d-009578ebb03a,,2022-12-09 11:38:59.389927,2022-12-09 11:38:59.389927,slider-footer,http://localhost:3000/files/f81d3f95-247c-404d-bd05-223b3f37cbb1.svg,
db413ee3-2311-49f1-91fa-a4a72783b2fc,,2022-12-09 11:39:20.369690,2022-12-09 11:39:20.369690,slider-footer,http://localhost:3000/files/8b8649fa-1908-49f1-81bf-19d44d1fa71c.svg,
6bc6dfea-ac9b-4a46-bb88-c3424e532d7b,,2022-12-09 11:39:53.617118,2022-12-09 11:39:53.617118,slider-footer,http://localhost:3000/files/4e9734fd-ff28-4533-8ee4-3a1b7ec19674.svg,
b6e4312e-8d6b-4938-9b81-cd3ef1da5b5d,,2022-12-09 11:40:35.111021,2022-12-09 11:40:35.111021,slider-footer,http://localhost:3000/files/9d2166e7-1dd2-4b70-98b5-2ae0c9432990.svg,
edf3ecc5-3a88-4014-9d58-bf3f88c5485f,,2022-12-09 11:40:55.927699,2022-12-09 11:40:55.927699,slider-footer,http://localhost:3000/files/daf6499b-347a-42db-96f2-5307b3bdedec.svg,
16144bd5-4e85-4e1e-831e-f300b720f5bb,,2022-12-09 11:41:21.311757,2022-12-09 11:41:21.311757,slider-footer,http://localhost:3000/files/e4904a93-bcdd-423d-838d-3aa8b2ce180d.svg,
cc3244eb-8bc7-461f-b35d-9041a16d4dd2,,2022-12-09 11:41:48.389962,2022-12-09 11:41:48.389962,slider-footer,http://localhost:3000/files/99b68732-744a-4f67-9846-511314432647.svg,
a9e12310-d703-4850-a677-d3095ff47300,,2022-12-09 11:42:10.767462,2022-12-09 11:42:10.767462,slider-footer,http://localhost:3000/files/d18b6783-ae49-4f5b-8c48-fe35fdf43232.svg,
53647de2-a3b4-477b-ab7d-632958db574f,,2022-12-09 11:45:04.945821,2022-12-09 11:45:04.945821,slider-footer,http://localhost:3000/files/64383697-c90e-4e16-8c7d-c054ef65d6e2.svg,
249e946d-7153-4bf5-b61d-380d9140577e,,2022-12-09 11:45:48.034239,2022-12-09 11:45:48.034239,slider-footer,http://localhost:3000/files/959a1949-37ac-478e-9d52-25f94b3fcde6.svg,
3a132f4a-c108-44de-a9d9-8bcb53d34821,,2022-12-11 05:22:15.286081,2022-12-11 05:22:15.286081,technical,http://localhost:3000/files/5466ad90-49d1-4478-8f85-825144a73b21.png,
5a8d9912-dd62-4239-9542-dd4da3f00959,,2022-12-11 05:22:44.022501,2022-12-11 05:22:44.022501,technical,http://localhost:3000/files/f2526592-4964-4d44-adbe-602960c3ea02.png,
ff16b657-78c3-4e77-8c9c-85320e8d5cbc,,2022-12-11 05:23:03.067068,2022-12-11 05:23:03.067068,technical,http://localhost:3000/files/d5ff3648-586f-4b83-b2f5-eb110a9ee50c.png,
fafac13e-6922-4a93-bc54-d9678508f02e,,2022-12-11 05:19:55.332338,2022-12-11 05:19:55.332338,technical,http://localhost:3000/files/d9f4ef33-fc29-41fe-b2ad-223522afc5ec.png,
2db8cfa1-66d3-4836-8a18-2a81008f901a,,2022-12-11 05:20:23.993976,2022-12-11 05:20:23.993976,technical,http://localhost:3000/files/de20556a-387d-4b7c-b083-c3dd23027830.png,
bc8cf83a-4186-4497-abb8-3c56c420ba62,,2022-12-11 05:20:45.092064,2022-12-11 05:20:45.092064,technical,http://localhost:3000/files/72dede61-6f6f-4870-a823-2734e03c50e9.png,
42db388c-e097-498d-b04a-622653471c57,,2022-12-11 05:20:56.979159,2022-12-11 05:20:56.979159,technical,http://localhost:3000/files/a7e3ec0b-94e2-4359-8db1-7d23c5a6a6ed.png,
547a9ca9-04d8-4591-bbe2-277399c13a78,,2022-12-11 05:21:31.635024,2022-12-11 05:21:31.635024,technical,http://localhost:3000/files/4941c0db-7a18-47e3-87c3-ce1c4dd2c09a.png,
ae9176ce-b0d0-4041-a8f2-81bc27ee9027,,2022-12-11 05:21:50.482496,2022-12-11 05:21:50.482496,technical,http://localhost:3000/files/b9772926-aaf9-4646-9bd8-ae11c1efc085.png,
0bdda910-63ee-40fb-a934-cd97ef4646bd,,2022-12-11 05:22:03.481768,2022-12-11 05:22:03.481768,technical,http://localhost:3000/files/911fbc6e-7bda-4458-b19e-de5ea92a4035.png,
18fdc9fb-da2c-4ae2-9868-86de2ffb9368,,2022-12-11 05:23:24.592213,2022-12-11 05:23:24.592213,technical,http://localhost:3000/files/be6be4ed-a4c8-4027-a6ac-1c91638f1241.png,
b04f289e-5b5e-4ee5-8a42-92882320aea7,,2022-12-11 05:23:42.851523,2022-12-11 05:23:42.851523,technical,http://localhost:3000/files/7cf7589d-ba05-4654-8adc-14d54cdddf2f.png,
be9886fa-d9a7-47d1-bcac-ba13649bb40d,,2022-12-11 05:24:03.022613,2022-12-11 05:24:03.022613,technical,http://localhost:3000/files/0c6c8c44-9ccd-448e-9381-69e51ce55d85.png,
f3551c77-6161-4af7-884c-078a0febb9e3,,2022-12-11 05:24:18.947015,2022-12-11 05:24:18.947015,technical,http://localhost:3000/files/9eeb9879-632c-428c-8b4c-bc590455a832.png,
f11e4f68-2362-4f45-bf4e-eec57c025832,,2022-12-11 05:24:36.453490,2022-12-11 05:24:36.453490,technical,http://localhost:3000/files/a2d968e1-560b-4348-bfae-1fd673ffe269.png,
61631ae6-562a-4cb4-8448-397bcd9f3c1c,,2022-12-11 05:24:50.462333,2022-12-11 05:24:50.462333,technical,http://localhost:3000/files/7ec78f35-9005-48a1-b426-2d70518ecd40.png,
7c3fba3f-8693-423f-b297-a2507a6c4aa1,,2022-12-11 05:25:06.909477,2022-12-11 05:25:06.909477,technical,http://localhost:3000/files/8bad4f9e-7677-469c-9520-30f0785c7e94.png,
81d298e3-65f3-4d8b-8a7f-86843743b143,,2022-12-11 05:25:35.089219,2022-12-11 05:25:35.089219,technical,http://localhost:3000/files/a77a203f-3f73-46c7-bd64-f3c891451faa.png,
1a68540a-a23b-4fcb-919f-73250ea7df2b,,2022-12-11 05:25:58.798225,2022-12-11 05:25:58.798225,technical,http://localhost:3000/files/5481834b-118b-4aa2-b029-4a6a32e7dcc4.png,
039f8ac4-8e13-40c3-9b4b-a84662b809f9,,2022-12-11 05:26:23.788121,2022-12-11 05:26:23.788121,technical,http://localhost:3000/files/9c14c116-453f-4369-8d60-fe0cb7d85ca5.png,
89ad5c8c-937b-4495-b528-bcbb204b7b86,,2022-12-09 20:38:02.000000,2022-12-11 12:44:06.036203,mission,http://localhost:3000/files/8fe58f2f-fa8f-4ba4-9b8e-5c73640ee555.svg,
3f4b406d-edc1-4b7a-b42d-5e177ad654b7,,2022-12-09 20:38:54.000000,2022-12-11 12:44:22.454155,mission,http://localhost:3000/files/0c582265-b6d2-4849-bd75-e0c49a7f899e.svg,
dd365c5d-52c7-4c0b-aa00-e34d4a752c39,,2022-12-09 20:39:40.000000,2022-12-11 12:44:34.176440,mission,http://localhost:3000/files/f81ce54a-714d-48a9-8660-e5977f23dbaa.svg,
4f96e946-ca44-4dd9-81b6-c26eaddef094,,2022-12-09 20:40:20.000000,2022-12-11 12:44:44.105330,mission,http://localhost:3000/files/a4ad2838-a3ac-4d60-90d4-595039623d40.svg,
48c7223a-ecda-4dfd-b687-dd33453b397f,,2022-12-09 22:40:53.000000,2022-12-11 12:45:35.260977,services,http://localhost:3000/files/4f7ac334-dba1-47f2-a8bd-a36994cb64c9.jpeg,
7db273f0-e8d0-4191-a371-bba10e3650ac,,2022-12-09 22:44:43.000000,2022-12-11 12:45:44.546023,services,http://localhost:3000/files/0b611de2-ec74-4023-bfd6-aad10199cf79.jpeg,
877c1002-d575-46c1-9b08-eae085a4f0ee,,2022-12-09 22:46:27.000000,2022-12-11 12:45:54.279337,services,http://localhost:3000/files/65964be9-83e9-485c-b834-4544fff89816.jpeg,
607a6b94-12ec-4047-a93e-b084913709b5,,2022-12-09 22:47:32.000000,2022-12-11 12:46:03.351124,services,http://localhost:3000/files/140c72aa-20c8-43e9-bdb3-0b978c8d4434.jpeg,
106710a0-6b8f-4d34-bc1e-f076cdc058d1,,2022-12-09 22:50:10.000000,2022-12-11 12:46:14.107552,core-value,http://localhost:3000/files/738c6657-2b71-407a-8b9d-80da176f5033.svg,
83d8c7e1-a88b-46bc-9bd5-d179f34f71de,,2022-12-09 22:51:39.000000,2022-12-11 12:46:23.859851,core-value,http://localhost:3000/files/55536e6c-c86c-444b-9dfd-87d5ff81a501.svg,
c32eb118-8e27-49bc-9986-ff8d8241b670,,2022-12-09 22:52:33.000000,2022-12-11 12:46:33.522579,core-value,http://localhost:3000/files/2ff0c62e-4d00-48c5-a776-45725468fd70.svg,
505d6e4e-ba77-40cc-8fff-07ed1e74a5f1,,2022-12-09 22:53:15.000000,2022-12-11 12:46:44.898698,core-value,http://localhost:3000/files/3272e2e8-00fd-4629-9ed6-83044c484549.svg,
c3be3423-6e29-4e55-a171-96927dd6af26,,2022-12-09 22:57:03.000000,2022-12-11 12:57:21.658631,members,http://localhost:3000/files/290d5573-f1af-4e87-bac5-2005b58f7f94.png,1
7306cd76-fbb6-4989-a8e7-7ce26a1b8c52,,2022-12-09 22:59:30.000000,2022-12-11 12:58:34.058911,members,http://localhost:3000/files/42a63cbc-4bb3-4eb5-8ad6-6263033e0dc6.png,
83e49daa-9c35-437d-b282-d8659d9eb6f3,,2022-12-09 23:01:16.000000,2022-12-11 12:59:30.819835,members,http://localhost:3000/files/60387ff9-0886-43ac-9d71-e3788ade583b.png,
e36605ff-7edd-4c92-a20e-dc762c743d7d,,2022-12-09 23:03:24.000000,2022-12-11 13:00:33.339795,members,http://localhost:3000/files/d30b988a-ecc7-4fdc-8226-3adbfc089327.png,
2f304cad-e242-42d4-b429-2f6d473c7e93,,2022-12-09 23:04:58.000000,2022-12-11 13:01:16.906779,members,http://localhost:3000/files/ae23c15f-a35c-4211-8fb0-5b9bdaa15aae.png,
da3df091-b791-4893-886a-b82672f1af5b,,2022-12-09 23:07:05.000000,2022-12-11 13:02:05.265290,members,http://localhost:3000/files/4e7a3b8c-1090-490c-8c61-2bbce1430a57.png,
d9157df4-151d-4a9e-884b-f79547389480,,2022-08-09 10:24:29.000000,2022-12-11 13:47:10.879637,news,http://localhost:3000/files/abdd5840-28e3-4b36-8ed5-1bd651bd5fbc.png,
9046fcad-5b92-4f03-814a-5d2c8090e391,,2022-09-01 10:48:32.000000,2022-12-11 13:50:53.313104,projects,http://localhost:3000/files/ec173c3f-72ba-4868-8d87-20a03b4bdfb8.png,
